{"packages/beigi_portfolio/assets/images/blog.png":["packages/beigi_portfolio/assets/images/blog.png"],"packages/beigi_portfolio/assets/images/develop.png":["packages/beigi_portfolio/assets/images/develop.png"],"packages/beigi_portfolio/assets/images/learn.png":["packages/beigi_portfolio/assets/images/learn.png"],"packages/beigi_portfolio/assets/images/person.png":["packages/beigi_portfolio/assets/images/person.png"],"packages/beigi_portfolio/assets/images/projects/1.jpeg":["packages/beigi_portfolio/assets/images/projects/1.jpeg"],"packages/beigi_portfolio/assets/images/projects/2.jpeg":["packages/beigi_portfolio/assets/images/projects/2.jpeg"],"packages/beigi_portfolio/assets/images/projects/3.jpeg":["packages/beigi_portfolio/assets/images/projects/3.jpeg"],"packages/beigi_portfolio/assets/images/projects/4.jpeg":["packages/beigi_portfolio/assets/images/projects/4.jpeg"],"packages/beigi_portfolio/assets/images/projects/5.jpeg":["packages/beigi_portfolio/assets/images/projects/5.jpeg"],"packages/beigi_portfolio/assets/images/projects/6.jpeg":["packages/beigi_portfolio/assets/images/projects/6.jpeg"],"packages/beigi_portfolio/assets/images/social/email-dark.png":["packages/beigi_portfolio/assets/images/social/email-dark.png"],"packages/beigi_portfolio/assets/images/social/email.png":["packages/beigi_portfolio/assets/images/social/email.png"],"packages/beigi_portfolio/assets/images/social/github-dark.png":["packages/beigi_portfolio/assets/images/social/github-dark.png"],"packages/beigi_portfolio/assets/images/social/github.png":["packages/beigi_portfolio/assets/images/social/github.png"],"packages/beigi_portfolio/assets/images/social/instagram-dark.png":["packages/beigi_portfolio/assets/images/social/instagram-dark.png"],"packages/beigi_portfolio/assets/images/social/instagram.png":["packages/beigi_portfolio/assets/images/social/instagram.png"],"packages/beigi_portfolio/assets/images/social/linkedin-logo-dark.png":["packages/beigi_portfolio/assets/images/social/linkedin-logo-dark.png"],"packages/beigi_portfolio/assets/images/social/linkedin-logo.png":["packages/beigi_portfolio/assets/images/social/linkedin-logo.png"],"packages/beigi_portfolio/assets/images/social/medium.png":["packages/beigi_portfolio/assets/images/social/medium.png"],"packages/beigi_portfolio/assets/images/technology/c++.png":["packages/beigi_portfolio/assets/images/technology/c++.png"],"packages/beigi_portfolio/assets/images/technology/firebase.png":["packages/beigi_portfolio/assets/images/technology/firebase.png"],"packages/beigi_portfolio/assets/images/technology/flask.png":["packages/beigi_portfolio/assets/images/technology/flask.png"],"packages/beigi_portfolio/assets/images/technology/flutter.png":["packages/beigi_portfolio/assets/images/technology/flutter.png"],"packages/beigi_portfolio/assets/images/technology/javascript.png":["packages/beigi_portfolio/assets/images/technology/javascript.png"],"packages/beigi_portfolio/assets/images/technology/php.png":["packages/beigi_portfolio/assets/images/technology/php.png"],"packages/beigi_portfolio/assets/images/technology/python.png":["packages/beigi_portfolio/assets/images/technology/python.png"],"packages/beigi_portfolio/assets/images/technology/razorpay.png":["packages/beigi_portfolio/assets/images/technology/razorpay.png"],"packages/beigi_portfolio/assets/images/technology/scenekit.jpeg":["packages/beigi_portfolio/assets/images/technology/scenekit.jpeg"],"packages/beigi_portfolio/assets/images/technology/swift.png":["packages/beigi_portfolio/assets/images/technology/swift.png"],"packages/beigi_portfolio/assets/svg/guy.svg":["packages/beigi_portfolio/assets/svg/guy.svg"],"packages/beigi_portfolio/assets/svg/person.svg":["packages/beigi_portfolio/assets/svg/person.svg"],"packages/cupertino_icons/assets/CupertinoIcons.ttf":["packages/cupertino_icons/assets/CupertinoIcons.ttf"]}